Username,SourceSub,Reason,Timestamp,ManualOverride,ModLogID,OverriddenBy,ModSub,ForgiveTimestamp,ExemptSubs
Sens-Fan-85,r/leafs,,2025-04-25 00:11:51,yes,ModAction_e2f8157b-2169-11f0-b8b5-95347216a96c,re-verse,leafs,,
No-Acanthisitta-1392,r/xsubpacttest1,Auto XSub Pact Ban,2025-04-25 16:57:25,yes,ModAction_5cf6087d-21f6-11f0-9fa9-7d848688ffe7,re-verse,xsubpacttest1,,
2bit2much,r/OttawaSenators,Auto XSub Pact Ban,2025-04-26 14:59:30,,ModAction_0e30f3cd-22af-11f0-a279-99119df198c5,,,,
Martian_Knight,r/OttawaSenators,Auto XSub Pact Ban,2025-04-26 19:28:37,yes,ModAction_a6d44a33-22d4-11f0-8d23-e9961bf75777,homicidal_penguin,OttawaSenators,,
Excellent-Quarter969,r/OttawaSenators,Auto XSub Pact Ban,2025-04-26 19:28:19,,ModAction_9bc6f1a3-22d4-11f0-a0cb-0f43847e515c,,,,
GoingInshane,r/OttawaSenators,Auto XSub Pact Ban,2025-04-26 23:59:07,,ModAction_7095274a-22fa-11f0-8f15-f3291e43da0e,,,,
MitchMarner,r/OttawaSenators,Auto XSub Pact Ban,2025-04-27 01:56:36,,ModAction_da434767-230a-11f0-85f4-39e4d8152f97,,,,
DasMoose74,r/OttawaSenators,Auto XSub Pact Ban,2025-04-27 01:34:41,,ModAction_ca8d48a4-2307-11f0-9f81-055054d43395,,,,
Outside-Scratch760,r/OttawaSenators,Auto XSub Pact Ban,2025-04-27 01:34:19,,ModAction_bd6c48c9-2307-11f0-b249-391ccbcf693f,,,,
UptheReds66,r/OttawaSenators,Auto XSub Pact Ban,2025-04-27 02:27:10,,ModAction_1f25e294-230f-11f0-9243-f71bffb32554,,,,
Barilko-Landing,r/OttawaSenators,Auto XSub Pact Ban,2025-04-27 03:45:59,,ModAction_21d3696e-231a-11f0-be81-a944c7586e1c,,,,
TeamFast77,r/OttawaSenators,Auto XSub Pact Ban,2025-04-27 03:45:49,yes,ModAction_1bfcb828-231a-11f0-97a8-951c7749c1f0,olbaidon,caps,,
gocryulilbitch,r/OttawaSenators,Auto XSub Pact Ban,2025-04-27 03:45:42,,ModAction_181d5568-231a-11f0-8c0d-b5aa9d6b277c,,,,
phantom_pow_er,r/OttawaSenators,Auto XSub Pact Ban,2025-04-27 04:30:40,,ModAction_60129b80-2320-11f0-a1f3-8b944adaeb10,,,,
Unlikely_Selection_9,r/OttawaSenators,Auto XSub Pact Ban,2025-04-27 04:30:34,,ModAction_5cae466b-2320-11f0-bd71-694a71caeedd,,,,
BootyLickaa,r/OttawaSenators,Auto XSub Pact Ban,2025-04-27 04:30:28,,ModAction_58faf372-2320-11f0-84c4-af57b555b92f,,,,
ColeBelthazorTurner,r/OttawaSenators,Auto XSub Pact Ban,2025-04-27 04:35:46,,ModAction_1624715d-2321-11f0-a0da-47e586e922f2,,,,
heisenberg1215,r/leafs,Auto XSub Pact Ban,2025-04-27 15:34:16,,ModAction_145b0818-237d-11f0-9424-fdb83bec0858,,,,ottawasenators
pmbu,r/OttawaSenators,Auto XSub Pact Ban,2025-04-27 15:44:51,,ModAction_8e9b22c3-237e-11f0-bdd1-3f38690dc6cd,,,,
CobblePots95,r/OttawaSenators,Auto XSub Pact Ban,2025-04-27 15:44:35,,ModAction_84f9f430-237e-11f0-b371-010cd99b2111,,,,
Canon_In_E,r/OttawaSenators,Auto XSub Pact Ban,2025-04-27 15:44:21,,ModAction_7ca359be-237e-11f0-aff8-97d205ed9479,,,,
FreshPacks,r/OttawaSenators,Auto XSub Pact Ban,2025-04-27 15:44:07,yes,ModAction_745b9a89-237e-11f0-8eff-eff9947beeaa,re-verse,leafs,,
redditnoobian,r/OttawaSenators,Auto XSub Pact Ban,2025-04-27 15:43:04,,ModAction_4eb88708-237e-11f0-b4e3-61a9e7e7a32d,,,,
iamhamzaamin,r/OttawaSenators,Auto XSub Pact Ban,2025-04-27 15:42:40,,ModAction_40b9e68d-237e-11f0-8608-1bdd4921a000,,,,
bigtuna-28,r/OttawaSenators,Auto XSub Pact Ban,2025-04-27 15:45:04,,ModAction_96389d3e-237e-11f0-bef9-b9fa663fa5d9,,,,
SufficientExternal62,r/OttawaSenators,Auto XSub Pact Ban,2025-04-27 16:15:55,,ModAction_e5e20072-2382-11f0-b8c6-dddc2feedc78,,,,
Salami_Mortadella,r/OttawaSenators,Auto XSub Pact Ban,2025-04-27 16:15:18,,ModAction_cf7aa6bd-2382-11f0-90a9-cb8a62fc1b31,,,,
CardiologistTiny7055,r/OttawaSenators,Auto XSub Pact Ban,2025-04-27 16:20:25,,ModAction_86c41a4b-2383-11f0-b469-3b07e431d597,,,,
Illdistrict,r/leafs,Auto XSub Pact Ban,2025-04-27 17:34:29,,ModAction_dfb92272-238d-11f0-8bac-0708e9fa881f,,,,ottawasenators
Illdistrict,r/OttawaSenators,Auto XSub Pact Ban,2025-04-27 17:40:49,,ModAction_c200e911-238e-11f0-ba55-99e623e78aff,,,,
Bigdaddybear519,r/OttawaSenators,Auto XSub Pact Ban,2025-04-27 17:55:15,,ModAction_c6681602-2390-11f0-a1d6-3ffecf4ba225,,,,
Mizhe_,r/OttawaSenators,Auto XSub Pact Ban,2025-04-27 17:54:46,,ModAction_b4dadc2f-2390-11f0-9ee1-af6a6175d9d1,,,,
Practical-Visual-837,r/OttawaSenators,Auto XSub Pact Ban,2025-04-27 20:20:27,,ModAction_0eeae4f0-23a5-11f0-a2b0-6fb6e1c156ba,,,,
WileyKylie_,r/OttawaSenators,Auto XSub Pact Ban,2025-04-27 20:20:01,,ModAction_ff27f32f-23a4-11f0-a55e-59786b234a0a,,,,
Global_Examination_8,r/OttawaSenators,Auto XSub Pact Ban,2025-04-27 20:56:19,,ModAction_117b1837-23aa-11f0-a1fa-211191b4d815,,,,
HepHibli,r/OttawaSenators,Auto XSub Pact Ban,2025-04-27 20:55:59,,ModAction_05e2266c-23aa-11f0-8934-058330ec8cb4,,,,
PeterGriffinFan2,r/OttawaSenators,Auto XSub Pact Ban,2025-04-27 20:55:25,,ModAction_f12a94a3-23a9-11f0-9f81-d5b57bcd5e96,,,,
StarDarkCaptain,r/leafs,Auto XSub Pact Ban,2025-04-27 23:05:26,,ModAction_1ae0fd67-23bc-11f0-b52b-efbee2ba7038,,,,
Big-Investigator-852,r/OttawaSenators,Auto XSub Pact Ban,2025-04-28 01:47:41,,ModAction_c5796805-23d2-11f0-b901-1d2cb45456ba,,,,
Lilthumper416,r/OttawaSenators,Auto XSub Pact Ban,2025-04-28 03:47:57,,ModAction_92e4909e-23e3-11f0-9447-d18e26121724,,,,
Former-Chair-9522,manual,,2025-04-28 11:46:28,yes,,hustlebird,caps,,
Nolonger50,r/leafs,Auto XSub Pact Ban,2025-04-28 14:28:41,,ModAction_14e9c5b5-243d-11f0-aa8f-0bd1212bed71,,,,
chente08,r/OttawaSenators,Auto XSub Pact Ban,2025-04-28 18:26:40,,ModAction_54167c8d-245e-11f0-a259-59a434b4d2dc,,,,
Beneficial-Speech-97,r/OttawaSenators,Auto XSub Pact Ban,2025-04-28 18:25:24,,ModAction_26a1ddaf-245e-11f0-a2e2-6f177929c062,,,,
TheOneWithThePorn12,r/OttawaSenators,Auto XSub Pact Ban,2025-04-29 03:02:36,,ModAction_67235eaa-24a6-11f0-93d8-87a16eccd880,,,,
Western-Propaganda,r/OttawaSenators,Auto XSub Pact Ban,2025-04-29 19:31:00,,ModAction_7b8623c8-2530-11f0-81ba-4f4a0bc28304,,,,
Inevitable-Whole9014,r/OttawaSenators,Auto XSub Pact Ban,2025-04-29 21:58:02,,ModAction_05a065cf-2545-11f0-8a01-57829874f8cf,,,,
OodlesandNoodle,r/OttawaSenators,Auto XSub Pact Ban,2025-04-29 21:57:55,,ModAction_019ede77-2545-11f0-9626-49f606430ee2,,,,
rollosheep,r/leafs,Auto XSub Pact Ban,2025-04-29 22:15:09,,ModAction_69848d6e-2547-11f0-8822-792dd172159d,,,,
Optimal_Aioli_6000,r/leafs,Auto XSub Pact Ban,2025-04-29 22:08:03,,ModAction_6bc6a8b8-2546-11f0-a1e2-a5c1542cac8d,,,,
National-Escape5226,r/OttawaSenators,Auto XSub Pact Ban,2025-04-29 22:50:24,,ModAction_562ef4ae-254c-11f0-b9c3-6dd5f5f716b5,,,,
Jinxed0505,r/OttawaSenators,Auto XSub Pact Ban,2025-04-29 22:50:04,,ModAction_4a387c1b-254c-11f0-8044-1bb2d2936225,,,,
Royal_Account_6814,r/OttawaSenators,Auto XSub Pact Ban,2025-04-29 23:19:42,,ModAction_6e78b156-2550-11f0-9f8f-f52b550f41b1,,,,
chickenlittle668,r/leafs,Auto XSub Pact Ban,2025-04-30 01:34:21,,ModAction_3dac414d-2563-11f0-a22d-f774fedc349e,,,,
TheSquanderingJew,r/OttawaSenators,Auto XSub Pact Ban,2025-04-30 01:10:09,,ModAction_dc70173e-255f-11f0-98c2-a5875b760bc3,,,,
robttbq,r/OttawaSenators,Auto XSub Pact Ban,2025-04-30 01:09:22,,ModAction_c015f31e-255f-11f0-a46f-6f68e9be8ad1,,,,
Papa_Cheese,r/OttawaSenators,Auto XSub Pact Ban,2025-04-30 01:09:01,,ModAction_b3cf3345-255f-11f0-90d8-517f7288f4d6,,,,
ElectronicEgg1833,r/OttawaSenators,Auto XSub Pact Ban,2025-04-30 01:08:34,,ModAction_a3d5cfbd-255f-11f0-9588-039b429964f5,,,,
smackdragon88,r/OttawaSenators,Auto XSub Pact Ban,2025-04-30 02:48:34,,ModAction_9b927625-256d-11f0-a8d7-73b9b365448c,,,,
christianunix,r/leafs,Auto XSub Pact Ban,2025-04-30 10:24:53,,ModAction_5b39dcdb-25ad-11f0-acf3-6d1ed02cddb2,,,,
Upbeat_Pie9221,r/OttawaSenators,Auto XSub Pact Ban,2025-04-30 15:24:58,,ModAction_469ab7cc-25d7-11f0-b6f3-170381111f80,,,,
WHATS__g,r/OttawaSenators,Auto XSub Pact Ban,2025-05-01 20:16:00,,ModAction_19a85f86-26c9-11f0-b149-033eafaf4de5,,,,
mr-right99,r/leafs,Auto XSub Pact Ban,2025-05-01 23:10:19,,ModAction_737c5063-26e1-11f0-b42f-e32cd8644508,,,,
Complete_Pin2679,r/leafs,Auto XSub Pact Ban,2025-05-02 01:36:33,,ModAction_e17290a6-26f5-11f0-b8ef-1bfeb888cfc9,,,,
the91guy,r/OttawaSenators,Auto XSub Pact Ban,2025-05-02 01:36:39,,ModAction_e4aee261-26f5-11f0-981b-174dff0a3298,,,,
Godlythunder,r/OttawaSenators,Auto XSub Pact Ban,2025-05-02 01:36:35,,ModAction_e2396d9a-26f5-11f0-8c4b-89033b959960,,,,
Such_Positive_3660,r/OttawaSenators,Auto XSub Pact Ban,2025-05-02 01:36:30,,ModAction_df5d1a58-26f5-11f0-a0b9-656531431f14,,,,
jthaprofessor,r/OttawaSenators,Auto XSub Pact Ban,2025-05-02 01:36:26,,ModAction_dcb2ce3e-26f5-11f0-9905-fd2ac43dab94,,,,
Barndog8,r/OttawaSenators,Auto XSub Pact Ban,2025-05-02 01:36:16,,ModAction_d6d38887-26f5-11f0-a37a-07f0b0b5d9de,,,,
Dipo_Deposits,r/OttawaSenators,Auto XSub Pact Ban,2025-05-02 01:36:11,,ModAction_d41ac7f5-26f5-11f0-bad6-a3bec2d245cc,,,,
Plenty_Vegetable763,r/OttawaSenators,Auto XSub Pact Ban,2025-05-02 01:36:07,,ModAction_d1dd7bdb-26f5-11f0-8ebd-b14941d29e1d,,,,
BarracudaVast4737,r/OttawaSenators,Auto XSub Pact Ban,2025-05-02 01:36:02,,ModAction_ceaf982b-26f5-11f0-8c29-4796565436b8,,,,
bakuryu9,r/OttawaSenators,Auto XSub Pact Ban,2025-05-02 01:35:56,,ModAction_cb2ec4ea-26f5-11f0-80d5-0bc1dd61c4ad,,,,
baseballguy01,r/OttawaSenators,Auto XSub Pact Ban,2025-05-02 01:35:45,,ModAction_c49e7cdb-26f5-11f0-bd01-4bec46c956fc,,,,
Various_Culture_116,r/OttawaSenators,Auto XSub Pact Ban,2025-05-02 01:35:39,,ModAction_c1031f56-26f5-11f0-8e84-d3160047c502,,,,
Old_Paramedic_4403,r/OttawaSenators,Auto XSub Pact Ban,2025-05-02 01:35:32,,ModAction_bcb48688-26f5-11f0-8000-152220d4d7d9,,,,
Consistent-Fact2454,r/OttawaSenators,Auto XSub Pact Ban,2025-05-02 01:33:23,,ModAction_6fd9cab1-26f5-11f0-91aa-f98eed42cda6,,,,
TypicalGoosie,r/OttawaSenators,Auto XSub Pact Ban,2025-05-02 01:26:17,,ModAction_72169cdb-26f4-11f0-ad7d-6177ad90ec64,,,,
Muthafuckaaaaa,r/OttawaSenators,Auto XSub Pact Ban,2025-05-02 01:24:40,yes,ModAction_37e8dc5d-26f4-11f0-aa06-195782e51818,,,,leafs
Jerry_Buckets,r/OttawaSenators,Auto XSub Pact Ban,2025-05-02 01:23:10,,ModAction_029b5327-26f4-11f0-a093-47f26072fbc9,,,,
07carbon3,r/OttawaSenators,Auto XSub Pact Ban,2025-05-02 01:05:51,,ModAction_97784618-26f1-11f0-8e9b-9914ba47aa04,,,,
freespeechkaren,r/OttawaSenators,Auto XSub Pact Ban,2025-05-02 00:47:22,,ModAction_01f87cb5-26ef-11f0-923d-d3610ed517e5,,,,
RobbyTheConstructor,r/OttawaSenators,Auto XSub Pact Ban,2025-05-02 00:42:30,,ModAction_5467bd5f-26ee-11f0-9a64-9100da0dec97,,,,
Worth_Touch_5140,r/OttawaSenators,Auto XSub Pact Ban,2025-05-02 00:40:55,,ModAction_1bd39d9c-26ee-11f0-84b4-0d509f7a52d6,,,,
clow222,r/OttawaSenators,Auto XSub Pact Ban,2025-05-02 01:59:19,,ModAction_0f89658e-26f9-11f0-b2f8-c17a55cc1b7d,,,,
IndependentAd4516,r/OttawaSenators,Auto XSub Pact Ban,2025-05-02 01:59:02,,ModAction_055e411b-26f9-11f0-8f07-cf59166cdb27,,,,
de_dustTO,r/OttawaSenators,Auto XSub Pact Ban,2025-05-02 01:58:22,,ModAction_ed248c22-26f8-11f0-99ec-c54cdcf3a721,,,,
ItsAllmanDoe69,r/OttawaSenators,Auto XSub Pact Ban,2025-05-02 01:57:59,,ModAction_dfbc6da9-26f8-11f0-8c92-5554e9c2ce92,,,,
cleanyourdamnNAILS,r/OttawaSenators,Auto XSub Pact Ban,2025-05-02 01:57:34,,ModAction_d1001948-26f8-11f0-a0c2-7b58a23850d6,,,,
LolCum1234Anus,r/OttawaSenators,Auto XSub Pact Ban,2025-05-02 01:56:02,,ModAction_9a17dbe6-26f8-11f0-92e8-77c204c24436,,,,
brightburn24seven,r/OttawaSenators,Auto XSub Pact Ban,2025-05-02 01:55:52,,ModAction_93f7332b-26f8-11f0-864c-af1ed416779d,,,,
BornButterscotch3968,r/OttawaSenators,Auto XSub Pact Ban,2025-05-02 01:54:15,,ModAction_5a4596f6-26f8-11f0-bdbc-351bf8307ccd,,,,
KaleBandit,r/OttawaSenators,Auto XSub Pact Ban,2025-05-02 01:54:06,,ModAction_54b23f00-26f8-11f0-b358-c32e40926371,,,,
TrainGlittering7676,r/OttawaSenators,Auto XSub Pact Ban,2025-05-02 01:54:01,,ModAction_518b1cf2-26f8-11f0-8a98-575ecb4354e3,,,,
Mountain_Schedule508,r/OttawaSenators,Auto XSub Pact Ban,2025-05-02 01:51:29,,ModAction_f7470137-26f7-11f0-8c03-630e41e0d1b8,,,,
Trumptard_9999,r/OttawaSenators,Auto XSub Pact Ban,2025-05-02 01:51:14,,ModAction_ee3300b3-26f7-11f0-95b9-67681ff649c4,,,,
Turbulent_Amoeba5427,r/OttawaSenators,Auto XSub Pact Ban,2025-05-02 01:51:02,,ModAction_e74cc68d-26f7-11f0-8b38-6f98667e1b7d,,,,
DisasterNumber9,r/OttawaSenators,Auto XSub Pact Ban,2025-05-02 01:50:54,,ModAction_e2320571-26f7-11f0-b386-c35af14ed3a7,,,,
Upstairs_Bullfrog_56,r/OttawaSenators,Auto XSub Pact Ban,2025-05-02 01:50:43,,ModAction_dba612f9-26f7-11f0-b34f-9108eaffbae9,,,,
bagmanoverzealous,r/OttawaSenators,Auto XSub Pact Ban,2025-05-02 01:50:38,,ModAction_d909c51e-26f7-11f0-ae44-43f9c975a229,,,,
OrangeTF2,r/OttawaSenators,Auto XSub Pact Ban,2025-05-02 01:50:33,,ModAction_d61179a4-26f7-11f0-9173-4320b2cc3f74,,,,
sgbyow,r/OttawaSenators,Auto XSub Pact Ban,2025-05-02 01:50:19,,ModAction_cd8465a0-26f7-11f0-98fa-4d5b4ec8ba41,,,,
ZombieTheRogue,r/OttawaSenators,Auto XSub Pact Ban,2025-05-02 01:47:24,,ModAction_6560a34f-26f7-11f0-b6a0-63b1fe5bbba9,,,,
KingsBridgeGarden,r/OttawaSenators,Auto XSub Pact Ban,2025-05-02 01:45:36,,ModAction_24e66ae3-26f7-11f0-bd99-3b41f680874d,,,,
Thanks-4allthefish,r/OttawaSenators,Auto XSub Pact Ban,2025-05-02 01:45:05,,ModAction_127669f9-26f7-11f0-b9f7-c9cbb646dd83,,,,
PinnyHundos,r/OttawaSenators,Auto XSub Pact Ban,2025-05-02 01:42:44,,ModAction_be085205-26f6-11f0-b122-1fd32ed44fda,,,,
Akio540,r/OttawaSenators,Auto XSub Pact Ban,2025-05-02 01:42:09,,ModAction_a967bb1c-26f6-11f0-a90c-f7b6219f8a60,,,,
brankin8,r/OttawaSenators,Auto XSub Pact Ban,2025-05-02 01:42:02,,ModAction_a52f4fe6-26f6-11f0-a419-67a0d3e238e9,,,,
ShadyAuston316,r/OttawaSenators,Auto XSub Pact Ban,2025-05-02 01:39:50,,ModAction_5669cbf1-26f6-11f0-97ce-47cbed7b14e3,,,,leafs
Best-Magician-2595,r/OttawaSenators,Auto XSub Pact Ban,2025-05-02 01:39:40,,ModAction_50c48a07-26f6-11f0-84eb-0164e8d120f9,,,,
uglybirthdayboy,r/OttawaSenators,Auto XSub Pact Ban,2025-05-02 01:39:12,,ModAction_402f5ea1-26f6-11f0-a820-17edcef3bb2d,,,,
Spaceboy_ca,r/OttawaSenators,Auto XSub Pact Ban,2025-05-02 01:38:21,yes,ModAction_215118f9-26f6-11f0-a2e3-1bcc21252d8c,xsub-pact-bot,ottawasenators,2025-05-14 14:50:59,"caps, goldenknights, habs, leafs"
Peace-wolf,r/OttawaSenators,Auto XSub Pact Ban,2025-05-02 01:37:54,,ModAction_117c734d-26f6-11f0-8859-a13b3275614a,,,,
lugowilson,r/OttawaSenators,Auto XSub Pact Ban,2025-05-02 01:37:44,,ModAction_0b909114-26f6-11f0-bf7b-dbc0023cebf5,,,,
iiKolin,r/leafs,Auto XSub Pact Ban,2025-05-02 13:25:39,,ModAction_f0c70e46-2758-11f0-96f3-15c6e74ead54,,,,
LargerThanLifeFella,r/leafs,Auto XSub Pact Ban,2025-05-02 17:55:46,,ModAction_acdf7b90-277e-11f0-b231-cbdccf0b38d2,,,,
dboet1,r/OttawaSenators,Auto XSub Pact Ban,2025-05-03 03:30:36,,ModAction_fa752341-27ce-11f0-ae1c-4118cbb4c634,,,,
Relative-Sherbet-532,r/OttawaSenators,Auto XSub Pact Ban,2025-05-03 03:30:19,,ModAction_f02a3b8d-27ce-11f0-977d-530987c6cf39,,,,
Fullpoint9,r/OttawaSenators,Auto XSub Pact Ban,2025-05-03 03:30:04,,ModAction_e76864e2-27ce-11f0-b014-bb94f81282db,,,,
Snoo_40560,r/OttawaSenators,Auto XSub Pact Ban,2025-05-03 03:29:57,,ModAction_e32f2678-27ce-11f0-960e-b58138955660,,,,
Try-Minimum,r/OttawaSenators,Auto XSub Pact Ban,2025-05-03 05:16:38,,ModAction_ca4d17d4-27dd-11f0-9052-9f105f8d4adc,,,,
kingkongbundyjr,r/OttawaSenators,Auto XSub Pact Ban,2025-05-03 05:16:26,,ModAction_c33865bf-27dd-11f0-8cec-8503124f1f97,,,,
Thick-Garbage5430,r/OttawaSenators,Auto XSub Pact Ban,2025-05-03 19:41:51,,ModAction_a9017924-2856-11f0-ab15-29171e69b4c7,,,,leafs
Wonderful-Smoke843,r/OttawaSenators,Auto XSub Pact Ban,2025-05-03 19:41:46,,ModAction_a5fd77e7-2856-11f0-8524-c9f95f326c12,,,,
WidoMaka,r/OttawaSenators,Auto XSub Pact Ban,2025-05-03 19:41:42,,ModAction_a36bf8a1-2856-11f0-9fe3-f7e14b6dab37,,,,
Free_Feeling7419,r/OttawaSenators,Auto XSub Pact Ban,2025-05-03 22:40:47,,ModAction_a7f4eb6c-286f-11f0-add0-33c3c9d1d938,,,,
Hunchun,r/OttawaSenators,Auto XSub Pact Ban,2025-05-03 22:40:39,,ModAction_a3631fe2-286f-11f0-ad58-cf6ac6ebf24a,,,,
moeguy1979,r/OttawaSenators,Auto XSub Pact Ban,2025-05-03 22:40:34,,ModAction_a089b47f-286f-11f0-a633-35170443f313,,,,
Reggo5,r/OttawaSenators,Auto XSub Pact Ban,2025-05-03 22:40:30,,ModAction_9dea2e48-286f-11f0-bc99-611bb3225a5e,,,,
MiamiRW2334,r/OttawaSenators,Auto XSub Pact Ban,2025-05-03 22:40:24,,ModAction_9a975a35-286f-11f0-b63f-3fb30615932a,,,,
Full-O-Anxiety,r/OttawaSenators,Auto XSub Pact Ban,2025-05-04 00:19:17,,ModAction_6a705e2e-287d-11f0-a150-a98e13bbb390,homicidal_penguin,,,
mktcrasher,r/OttawaSenators,Auto XSub Pact Ban,2025-05-04 00:19:10,,ModAction_6676c889-287d-11f0-8949-f7b2e7cd04bd,homicidal_penguin,,,
Prize-Ad-8594,r/OttawaSenators,Auto XSub Pact Ban,2025-05-04 13:30:47,,ModAction_fcc8576d-28eb-11f0-a111-d903cffe5f23,bustlinSlug,,,
Fit-Connection-5323,r/leafs,Auto XSub Pact Ban,2025-05-04 15:40:34,yes,ModAction_1e845592-28fe-11f0-a34e-aba3dc3d8645,homicidal_penguin,OttawaSenators,,
AdamLakewood87,r/OttawaSenators,Auto XSub Pact Ban,2025-05-05 10:10:38,yes,ModAction_31658351-2999-11f0-867e-c959e78897f2,bustlinSlug,ottawasenators,2025-07-18 11:12:17,
ontop1756,r/OttawaSenators,Auto XSub Pact Ban,2025-05-05 12:45:26,,ModAction_d1adc579-29ae-11f0-9f92-b771268526a4,homicidal_penguin,,,
KB77Hell,r/OttawaSenators,Auto XSub Pact Ban,2025-05-05 12:45:12,,ModAction_c9386370-29ae-11f0-aebd-5b63b83030a3,homicidal_penguin,,,
RenoXIV,manual,,2025-05-05 15:50:14,yes,,homicidal_penguin,OttawaSenators,,
Thefrogsareturningay,r/leafs,Auto XSub Pact Ban,2025-05-05 15:31:55,,ModAction_1378c8c4-29c6-11f0-8b49-191b2eb37f87,War_Messiah,,,
ntmistry,r/ottawasenators,Auto XSub Pact Ban,2025-05-06 0:41:04,,ModAction_cad6a477-2a12-11f0-9cfb-036ea04a597f,homicidal_penguin,,,
floydispink69,r/ottawasenators,Auto XSub Pact Ban,2025-05-06 0:40:34,,ModAction_b8e3a6a4-2a12-11f0-9c3a-0b799d2731ea,homicidal_penguin,,,
uglybirthdayboy,r/floridapanthers,Auto XSub Pact Ban,2025-05-06 1:17:10,,ModAction_d59d6e51-2a17-11f0-b018-298b99cf470e,RoadDoggFL,,,
viberrr-,r/leafs,Auto XSub Pact Ban,2025-05-06 3:02:24,yes,ModAction_894a5179-2a26-11f0-8b29-81c2f2f165ed,roaddoggfl,floridapanthers,,
BasPilot,r/leafs,Auto XSub Pact Ban,2025-05-06 2:49:16,,ModAction_b33b5db0-2a24-11f0-9099-1b417e6ef5c7,wRIPPERw_,,,floridapanthers
2xEspressoShot,r/floridapanthers,Auto XSub Pact Ban,2025-05-06 2:55:00,,ModAction_809d7e93-2a25-11f0-b878-b59e198eece3,RoadDoggFL,,,
SEGWAY78,r/leafs,Auto XSub Pact Ban,2025-05-06 3:37:37,,ModAction_74a895db-2a2b-11f0-bd6b-45bf7efea8d2,wRIPPERw_,,,
skyvoyager9,r/habs,Auto XSub Pact Ban,2025-05-06 13:21:40,,ModAction_0bcf062a-2a7d-11f0-8d29-713316712a45,xsub-pact-bot,,,
mclovejean,r/caps,Auto XSub Pact Ban,2025-05-06 13:47:57,,ModAction_b7e3a909-2a80-11f0-8da3-2fb058d1dc4b,mdkss12,,,
PixelSaharix,r/floridapanthers,Auto XSub Pact Ban,2025-05-06 14:36:12,,ModAction_754a2361-2a87-11f0-b930-69fe0ee75c92,RoadDoggFL,,,
ChewPaka,r/leafs,Auto XSub Pact Ban,2025-05-06 17:25:31,,ModAction_1cc45842-2a9f-11f0-95a7-d7770120b4cd,War_Messiah,,,floridapanthers
porcospino20,r/leafs,Auto XSub Pact Ban,2025-05-06 19:40:02,,ModAction_e72f323c-2ab1-11f0-9297-d519cfa98be1,wRIPPERw_,,,
Poolboy628,r/ottawasenators,Auto XSub Pact Ban,2025-05-06 20:37:30,,ModAction_ee19505f-2ab9-11f0-b035-21813f83d258,homicidal_penguin,,,
Wildest12,r/leafs,Auto XSub Pact Ban,2025-05-06 22:57:00,,ModAction_6b7a2712-2acd-11f0-9378-3bae5fd94ac9,wRIPPERw_,,,"caps, floridapanthers, ottawasenators, winnipegjets"
AcrobaticList1096,r/floridapanthers,Auto XSub Pact Ban,2025-05-07 0:43:09,,ModAction_3f5c09c2-2adc-11f0-a96c-17fb4d27566b,RoadDoggFL,,,
Zealousideal_Sun9459,r/floridapanthers,Auto XSub Pact Ban,2025-05-07 0:41:58,,ModAction_14ebced0-2adc-11f0-9124-9f70e3c71416,RoadDoggFL,,,
lowrespudgeon,r/floridapanthers,Auto XSub Pact Ban,2025-05-07 0:40:41,,ModAction_e715852d-2adb-11f0-bea1-e1d07d8ee997,RoadDoggFL,,,
wtfover,r/floridapanthers,Auto XSub Pact Ban,2025-05-07 0:38:15,,ModAction_90792ada-2adb-11f0-b613-5b562c338347,RoadDoggFL,,,
megaflops15,r/floridapanthers,Auto XSub Pact Ban,2025-05-07 0:34:58,,ModAction_1b20cbe3-2adb-11f0-86b4-d9c99240cd27,RoadDoggFL,,,
Classic_Grade_4953,r/floridapanthers,Auto XSub Pact Ban,2025-05-07 0:28:13,,ModAction_29bce4d6-2ada-11f0-a44a-7b36c4057a53,RoadDoggFL,,,
HolymakinawJoe,r/ottawasenators,Auto XSub Pact Ban,2025-05-06 23:48:23,,ModAction_98a8e892-2ad4-11f0-bb10-b1f168d355ff,homicidal_penguin,,,
Serious_Post_966,r/floridapanthers,Auto XSub Pact Ban,2025-05-07 5:05:55,,ModAction_f4e058fb-2b00-11f0-99ab-03b907b15036,RoadDoggFL,,,
SignificantRub7409,r/floridapanthers,Auto XSub Pact Ban,2025-05-07 5:18:03,,ModAction_a6a1b837-2b02-11f0-8da0-69b6535ed1bb,RoadDoggFL,,,
Mazx26,r/caps,Auto XSub Pact Ban,2025-05-07 12:56:52,,ModAction_bf85e56c-2b42-11f0-a559-ef4ba820327c,hustlebird,,,
shreddy99,r/floridapanthers,Auto XSub Pact Ban,2025-05-07 14:44:05,,ModAction_b96a6c0a-2b51-11f0-8ace-876242a5accb,RoadDoggFL,,,
AdTricky5280,r/ottawasenators,Auto XSub Pact Ban,2025-05-07 18:41:04,,ModAction_d4edd46e-2b72-11f0-b146-d3772c660d5a,homicidal_penguin,,,
BenX10_,r/ottawasenators,Auto XSub Pact Ban,2025-05-07 18:40:43,,ModAction_c87a9694-2b72-11f0-b5d7-19b6ac5d62a5,homicidal_penguin,,,
Last_Technician2051,r/floridapanthers,Auto XSub Pact Ban,2025-05-07 19:24:09,,ModAction_d99d0b17-2b78-11f0-9857-2b2c32a128d1,RoadDoggFL,,,
Ursasaurus,r/floridapanthers,Auto XSub Pact Ban,2025-05-08 0:37:23,,ModAction_9be23c15-2ba4-11f0-9df9-abad7076d92a,RoadDoggFL,,,
burnyworm,r/floridapanthers,Auto XSub Pact Ban,2025-05-08 0:31:19,,ModAction_c2fd414c-2ba3-11f0-ade8-7390304e7d4f,RoadDoggFL,,,
doedounne,r/leafs,Auto XSub Pact Ban,2025-05-08 1:19:32,,ModAction_7ed05fcf-2baa-11f0-af5d-c7fd1f781800,wRIPPERw_,,,
Professional-Fox2373,r/floridapanthers,Auto XSub Pact Ban,2025-05-08 0:52:08,,ModAction_ab192643-2ba6-11f0-9644-c7bfd73b228d,RoadDoggFL,,,
RoleplayerNumberOne,r/floridapanthers,Auto XSub Pact Ban,2025-05-08 0:49:35,,ModAction_4fca2037-2ba6-11f0-ab75-b13aba529d67,RoadDoggFL,,,
Gloomy_Bus4528,r/floridapanthers,Auto XSub Pact Ban,2025-05-08 1:56:22,,ModAction_a47b692e-2baf-11f0-b4dd-d3ab8b7e0df0,RoadDoggFL,,,
d4lovernohate,r/floridapanthers,Auto XSub Pact Ban,2025-05-08 1:53:54,,ModAction_4bf91797-2baf-11f0-8679-a7d66db7698e,RoadDoggFL,,,
tellavivtosuckmeoff,r/floridapanthers,Auto XSub Pact Ban,2025-05-08 1:51:33,,ModAction_f7d01fae-2bae-11f0-858d-73eeb11697f9,RoadDoggFL,,,
flamingdonkeyy,r/floridapanthers,Auto XSub Pact Ban,2025-05-08 1:50:22,,ModAction_cdcc55a9-2bae-11f0-a089-83b0d2770838,RoadDoggFL,,,
Electrical_Bit2621,r/floridapanthers,Auto XSub Pact Ban,2025-05-08 1:48:53,,ModAction_98ac62b6-2bae-11f0-8c94-717b2977db2d,RoadDoggFL,,,
Typical_Chef8036,r/floridapanthers,Auto XSub Pact Ban,2025-05-08 1:47:42,,ModAction_6e50d0ea-2bae-11f0-bb68-19a60aa283e2,RoadDoggFL,,,
BDiZZleWiZZle,r/floridapanthers,Auto XSub Pact Ban,2025-05-08 3:37:21,,ModAction_bfa88a37-2bbd-11f0-b1c7-9f84d2f9bc27,RoadDoggFL,,,
PM_ME_YOUR_TIGHT_BOX,r/ottawasenators,Auto XSub Pact Ban,2025-05-08 3:58:21,,ModAction_aee7d2ac-2bc0-11f0-b1de-5122f1379ad3,homicidal_penguin,,,
Few_Bodybuilder_6872,r/floridapanthers,Auto XSub Pact Ban,2025-05-08 4:08:34,,ModAction_1be55a40-2bc2-11f0-9cb0-7f53d4f9a464,RoadDoggFL,,,
freshfantastic,r/floridapanthers,Auto XSub Pact Ban,2025-05-08 4:07:55,,ModAction_04db7be3-2bc2-11f0-984b-4d24b9f7d0d2,RoadDoggFL,,,
WarOk87,r/floridapanthers,Auto XSub Pact Ban,2025-05-08 4:06:40,,ModAction_d83aad27-2bc1-11f0-bb02-5be7bda1ff6a,RoadDoggFL,,,
HoldingMyNuts42069,r/floridapanthers,Auto XSub Pact Ban,2025-05-08 4:05:47,,ModAction_b860ada2-2bc1-11f0-be2d-f5c649bcb359,RoadDoggFL,,,
Ambitious_Peace_6624,r/floridapanthers,Auto XSub Pact Ban,2025-05-08 3:58:51,,ModAction_c0b82220-2bc0-11f0-bb93-5ff4c18852d3,RoadDoggFL,,,
bill-is_bill36,r/floridapanthers,Auto XSub Pact Ban,2025-05-08 6:23:54,,ModAction_0427cff1-2bd5-11f0-a0f2-3d5f535089db,RoadDoggFL,,,
NationalsKnightly,r/floridapanthers,Auto XSub Pact Ban,2025-05-08 13:46:22,,ModAction_d3ce4ac9-2c12-11f0-81cd-e5fa419ffc50,RoadDoggFL,,,
No-Fee8905,r/floridapanthers,Auto XSub Pact Ban,2025-05-08 13:43:09,,ModAction_612bc577-2c12-11f0-b724-8b5e8b64db9f,RoadDoggFL,,,
War-Dance,r/floridapanthers,Auto XSub Pact Ban,2025-05-08 13:41:28,,ModAction_24df08d6-2c12-11f0-b192-91a35709b316,RoadDoggFL,,,
ekzess,r/floridapanthers,Auto XSub Pact Ban,2025-05-08 13:51:36,,ModAction_8ed6a47f-2c13-11f0-81fe-95a876981dc7,RoadDoggFL,,,
dosipopPa,r/floridapanthers,Auto XSub Pact Ban,2025-05-08 13:50:32,,ModAction_6924476e-2c13-11f0-a43f-5d6ace0fc9da,RoadDoggFL,,,
soap571,r/floridapanthers,Auto XSub Pact Ban,2025-05-08 13:49:39,,ModAction_4970a322-2c13-11f0-a240-d5d17ff74960,RoadDoggFL,,,
mcmgc2,r/floridapanthers,Auto XSub Pact Ban,2025-05-08 13:47:14,,ModAction_f2fc032a-2c12-11f0-ba8e-71038da7fe17,RoadDoggFL,,,
Cazba77,r/floridapanthers,Auto XSub Pact Ban,2025-05-08 14:02:10,,ModAction_08caaf69-2c15-11f0-8c9e-a18a2797ae9f,RoadDoggFL,,,
TheGardiner,r/floridapanthers,Auto XSub Pact Ban,2025-05-08 14:00:53,yes,ModAction_daf42bc5-2c14-11f0-a7e9-0d3fe003370b,RoadDoggFL,floridapanthers,2025-05-11 2:40:46,
DemonicRedneck,r/floridapanthers,Auto XSub Pact Ban,2025-05-08 13:58:55,,ModAction_94a265a4-2c14-11f0-b3de-55dcc5fd6762,RoadDoggFL,,,
motelbob,r/floridapanthers,Auto XSub Pact Ban,2025-05-08 13:55:58,,ModAction_2b1acf65-2c14-11f0-a0f0-95396ca69435,RoadDoggFL,,,
91elklake,r/ottawasenators,Auto XSub Pact Ban,2025-05-08 15:44:28,yes,ModAction_539c9865-2c23-11f0-8f5c-e395d6408681,homicidal_penguin,,,
Scott-from-Canada,r/ottawasenators,Auto XSub Pact Ban,2025-05-08 15:44:10,,ModAction_48db12a5-2c23-11f0-9971-2ff88a9b17fb,homicidal_penguin,,,
ChesterButternuts,r/leafs,Auto XSub Pact Ban,2025-05-08 17:23:32,,ModAction_2a27c7e0-2c31-11f0-ac1c-a17bd08c24e3,re-verse,,,
superawesomeguy,r/floridapanthers,Auto XSub Pact Ban,2025-05-08 17:42:46,,ModAction_d9f9df98-2c33-11f0-9a74-9d7af9f75fa9,RoadDoggFL,,,
flowboy1313,r/floridapanthers,Auto XSub Pact Ban,2025-05-08 17:57:27,,ModAction_e72ad415-2c35-11f0-8f92-533eb7217cf1,RoadDoggFL,,,
MessyKerbal,r/floridapanthers,Auto XSub Pact Ban,2025-05-08 19:44:05,,ModAction_ccb757fd-2c44-11f0-bde3-e51d84a6940d,RoadDoggFL,,,
Euphoric_Depth7104,r/ottawasenators,Auto XSub Pact Ban,2025-05-08 20:21:46,,ModAction_104a1698-2c4a-11f0-8d12-5361119951b8,homicidal_penguin,,,
Desperate_Tutor2629,r/floridapanthers,Auto XSub Pact Ban,2025-05-08 22:44:03,,ModAction_f1193450-2c5d-11f0-86d7-29a652e1e652,RoadDoggFL,,,
coreywarren85,r/goldenknights,Auto XSub Pact Ban,2025-05-09 5:34:42,,ModAction_4f04173d-2c97-11f0-aae4-ff01c8899bd9,sirebell,,,
aliths,r/goldenknights,Auto XSub Pact Ban,2025-05-09 5:27:26,,ModAction_4af0f1cc-2c96-11f0-93f5-df3c74f56ee7,sirebell,,,
nate3644,r/ottawasenators,Auto XSub Pact Ban,2025-05-09 12:17:21,,ModAction_8f1f5749-2ccf-11f0-8a00-974209880c12,homicidal_penguin,,,
Professional_Yak2503,r/ottawasenators,Auto XSub Pact Ban,2025-05-09 12:17:06,,ModAction_85f5d03c-2ccf-11f0-a045-ed1618121d1c,homicidal_penguin,,,
the1hunts,r/ottawasenators,Auto XSub Pact Ban,2025-05-09 12:17:59,,ModAction_a55413e0-2ccf-11f0-a4d4-4f2333c5df2b,homicidal_penguin,,,
DarthShinny,r/goldenknights,Auto XSub Pact Ban,2025-05-09 14:32:59,,ModAction_819641c0-2ce2-11f0-bd15-e7ec128d4b08,scottyfoxy,,,
ManimalJ,r/caps,Auto XSub Pact Ban,2025-05-09 15:17:45,,ModAction_c2bc3143-2ce8-11f0-a896-1f8c9f0d411f,mdkss12,,,
dukeofleon,r/caps,Auto XSub Pact Ban,2025-05-09 15:17:31,,ModAction_ba2bd70f-2ce8-11f0-8f71-c92ca02a5287,mdkss12,,,
Beligerents,r/floridapanthers,Auto XSub Pact Ban,2025-05-09 18:03:49,,ModAction_f5333d86-2cff-11f0-bdd9-cb7317381306,RoadDoggFL,,,
Brainojack,r/floridapanthers,Auto XSub Pact Ban,2025-05-09 19:06:02,,ModAction_a68e3c93-2d08-11f0-9afa-a32287a97eef,RoadDoggFL,,,
AdClear1590,r/ottawasenators,Auto XSub Pact Ban,2025-05-09 18:47:19,,ModAction_096137cb-2d06-11f0-bc28-5b1b4d6cc4c2,homicidal_penguin,,,
lolocopter24,r/floridapanthers,Auto XSub Pact Ban,2025-05-09 20:14:44,,ModAction_3f281bce-2d12-11f0-a59f-05c893fe5119,RoadDoggFL,,,
Unearth1y_one,r/floridapanthers,Auto XSub Pact Ban,2025-05-09 20:14:13,,ModAction_2d2898c1-2d12-11f0-a2f0-5d8921f14c51,RoadDoggFL,,,
allacunna-bla-bla,r/goldenknights,Auto XSub Pact Ban,2025-05-09 22:33:08,,ModAction_9511cfd7-2d25-11f0-a113-2be243fdf982,scottyfoxy,,,
Klutzy_Outside_6812,r/leafs,Auto XSub Pact Ban,2025-05-09 23:55:28,,ModAction_15b7cf3f-2d31-11f0-ba27-8d5571b51f83,wRIPPERw_,,,
Burzie44,r/floridapanthers,Auto XSub Pact Ban,2025-05-10 0:22:45,,ModAction_e56df803-2d34-11f0-b79b-5b70ce3dd552,RoadDoggFL,,,
Hungry-Signature-368,r/floridapanthers,Auto XSub Pact Ban,2025-05-10 0:14:43,,ModAction_c5bd0b2c-2d33-11f0-982b-795735c978dd,RoadDoggFL,,,
HeftyLingonberry6481,r/floridapanthers,Auto XSub Pact Ban,2025-05-10 0:00:57,,ModAction_d9a70703-2d31-11f0-ad62-65e38ded0b7e,RoadDoggFL,,,
ShockGeneratiom,r/leafs,Auto XSub Pact Ban,2025-05-10 0:50:59,,ModAction_d6f0fec0-2d38-11f0-9e18-7fe23d1fc9ec,ESF-hockeeyyy,,,
EuivIsMyLife,r/floridapanthers,Auto XSub Pact Ban,2025-05-10 1:11:34,,ModAction_b6ca7095-2d3b-11f0-81bd-d17fa440e0d1,RoadDoggFL,,,
FantasticHedgehog883,r/leafs,Auto XSub Pact Ban,2025-05-10 3:19:56,,ModAction_a58c7ca2-2d4d-11f0-95db-0707ce8b4fd5,wRIPPERw_,,,
thejohnsonboy,r/leafs,Auto XSub Pact Ban,2025-05-10 3:04:09,,ModAction_7149d7b1-2d4b-11f0-a6ef-511dfac1ea19,re-verse,,,
dakine879,r/goldenknights,Auto XSub Pact Ban,2025-05-10 2:47:02,,ModAction_0cfb5795-2d49-11f0-9f53-5594984e03f2,scottyfoxy,,,
Confident_Degree_144,r/goldenknights,Auto XSub Pact Ban,2025-05-10 2:46:15,,ModAction_f161d453-2d48-11f0-abb8-193aafb45100,scottyfoxy,,,
Chemical_Aioli_3019,r/floridapanthers,Auto XSub Pact Ban,2025-05-10 3:51:53,,ModAction_1c863035-2d52-11f0-97cf-9bcfe28109d3,RoadDoggFL,,,
TrustMeImTarted,r/floridapanthers,Auto XSub Pact Ban,2025-05-10 14:15:30,,ModAction_3ac8e489-2da9-11f0-96ea-d1cffc7e72b5,RoadDoggFL,,,
No_Piano_6061,r/floridapanthers,Auto XSub Pact Ban,2025-05-10 18:27:22,,ModAction_6a4d9142-2dcc-11f0-8f3e-4782c36a0831,RoadDoggFL,,,
Several_Initial1444,r/ottawasenators,Auto XSub Pact Ban,2025-05-10 23:16:22,,ModAction_c974a481-2df4-11f0-bd20-71036c39bd55,homicidal_penguin,,,
big_stronk,r/floridapanthers,Auto XSub Pact Ban,2025-05-11 6:25:53,,ModAction_ca331e80-2e30-11f0-9b40-f3bd29b22a57,RoadDoggFL,,,
CrazyTrash9317,r/ottawasenators,Auto XSub Pact Ban,2025-05-11 20:13:16,,ModAction_5ff65be1-2ea4-11f0-9813-3ddb257d4fdf,homicidal_penguin,,,
iEatX,r/floridapanthers,Auto XSub Pact Ban,2025-05-12 1:15:08,,ModAction_8b234445-2ece-11f0-8e89-213215190e12,RoadDoggFL,,,
Fun_Reflection1157,r/leafs,Auto XSub Pact Ban,2025-05-12 2:06:29,,ModAction_b7dd284d-2ed5-11f0-906d-61d765941c29,re-verse,,,
Leading-Tadpole-3057,r/floridapanthers,Auto XSub Pact Ban,2025-05-12 2:05:26,,ModAction_9241ae5f-2ed5-11f0-ba7f-25dd562cbb86,RoadDoggFL,,,
Advanced-Detail-8803,r/floridapanthers,Auto XSub Pact Ban,2025-05-12 1:59:00,,ModAction_ac262806-2ed4-11f0-a92f-13fa606a930d,RoadDoggFL,,,
nosepass86,r/floridapanthers,Auto XSub Pact Ban,2025-05-12 1:57:22,,ModAction_71ec3034-2ed4-11f0-8d01-698eabe42c8d,RoadDoggFL,,,
CockerSpanielEnjoyer,r/leafs,Auto XSub Pact Ban,2025-05-12 2:27:12,,ModAction_9cc9c423-2ed8-11f0-b040-cb0145f0be34,wRIPPERw_,,,ottawasenators
zooted123x,r/leafs,Auto XSub Pact Ban,2025-05-12 2:25:40,,ModAction_65f38f3e-2ed8-11f0-9416-931bfc27dc94,wRIPPERw_,,,
shaqballs,r/floridapanthers,Auto XSub Pact Ban,2025-05-12 2:34:18,,ModAction_9a6b3d74-2ed9-11f0-9c8e-99eb38903c5f,RoadDoggFL,,,
Doggo_and_Peppaurs,r/floridapanthers,Auto XSub Pact Ban,2025-05-12 3:40:36,,ModAction_dd60b680-2ee2-11f0-9e8f-ddb85e477fba,RoadDoggFL,,,
rosebud233w,r/leafs,Auto XSub Pact Ban,2025-05-12 11:46:30,,ModAction_be90d137-2f26-11f0-ae8c-017b107f6f0b,re-verse,,,
Decent-Sea-5031,r/leafs,Auto XSub Pact Ban,2025-05-12 11:38:52,,ModAction_ae085a44-2f25-11f0-8ef7-27fe3ada313d,re-verse,,,floridapanthers
-IntoTheUnknown,r/leafs,Auto XSub Pact Ban,2025-05-12 11:52:46,,ModAction_9ece8121-2f27-11f0-b79c-4948fa0c6f66,re-verse,,,
Conscious-Egg1354,r/leafs,Auto XSub Pact Ban,2025-05-12 11:51:29,,ModAction_714e8438-2f27-11f0-8a18-117899b57d46,re-verse,,,
CaptainMegna,r/leafs,Auto XSub Pact Ban,2025-05-12 11:50:23,,ModAction_49d67131-2f27-11f0-8196-33b8ded1d6c8,re-verse,,,
MarkLilly,r/floridapanthers,Auto XSub Pact Ban,2025-05-12 15:03:44,,ModAction_4c2ffb26-2f42-11f0-b49d-439e2cc1afda,RoadDoggFL,,,
breakthebank1900,r/floridapanthers,Auto XSub Pact Ban,2025-05-12 16:40:49,,ModAction_dc72000a-2f4f-11f0-850e-2fcf31ce8c98,RoadDoggFL,,,
gametime27,r/leafs,Auto XSub Pact Ban,2025-05-12 19:14:41,,ModAction_5ad2e92f-2f65-11f0-92bc-47e760240f0e,War_Messiah,,,
Key-Apricot-3219,r/leafs,Auto XSub Pact Ban,2025-05-12 19:13:47,,ModAction_3ae47a21-2f65-11f0-8036-0736b2b4fa99,War_Messiah,,,
Lazy-Kaleidoscope834,r/leafs,Auto XSub Pact Ban,2025-05-12 19:10:58,,ModAction_d649ac95-2f64-11f0-8f6f-2fab89db6813,War_Messiah,,,
Then-Hyena9129,r/winnipegjets,Auto XSub Pact Ban,2025-05-12 21:03:42,,ModAction_958fb7ca-2f74-11f0-9804-2b4208dc095b,Chomie22,,,
7jcjg,r/floridapanthers,Auto XSub Pact Ban,2025-05-12 22:44:45,,ModAction_b38880ef-2f82-11f0-87a5-6bcf3d5c784c,RoadDoggFL,,,
Trick-Ad295,r/leafs,Auto XSub Pact Ban,2025-05-13 0:07:34,,ModAction_456a51af-2f8e-11f0-809f-7348310ced35,wRIPPERw_,,,
encorazon,r/leafs,Auto XSub Pact Ban,2025-05-13 0:05:56,,ModAction_0aed5884-2f8e-11f0-a781-9bdd738091d4,wRIPPERw_,,,
South_FloridaMan,r/leafs,Auto XSub Pact Ban,2025-05-13 2:24:22,,ModAction_6195b640-2fa1-11f0-9d13-1b50babd83dc,wRIPPERw_,,,
CardiacKid04,r/floridapanthers,Auto XSub Pact Ban,2025-05-13 3:04:13,,ModAction_f29fbe8a-2fa6-11f0-b629-c753c9edff4f,RoadDoggFL,,,
Wagfrag,r/goldenknights,Auto XSub Pact Ban,2025-05-13 7:09:13,,ModAction_2ccd29b5-2fc9-11f0-ad07-1136abfb52b7,sirebell,,,
Braddacus,r/leafs,Auto XSub Pact Ban,2025-05-13 12:21:01,,ModAction_bb846ccb-2ff4-11f0-b4c4-4d079ef04d17,re-verse,,,
SeanySinns,r/leafs,Auto XSub Pact Ban,2025-05-13 12:18:39,,ModAction_6702cfc9-2ff4-11f0-b039-c37e21aa4142,re-verse,,,
Aamun_Sarastus,r/floridapanthers,Auto XSub Pact Ban,2025-05-13 13:49:45,,ModAction_20fe3976-3001-11f0-a95b-e161eb4aaea8,RoadDoggFL,,,
Top-Bass-8852,r/floridapanthers,Auto XSub Pact Ban,2025-05-13 16:50:00,,ModAction_4f48fe22-301a-11f0-8ef6-333fcbfc1326,RoadDoggFL,,,
realneocanuck,r/floridapanthers,Auto XSub Pact Ban,2025-05-14 2:38:30,,ModAction_85758fb6-306c-11f0-aa6a-651077414101,RoadDoggFL,,,
HockeyDie-Hard69,r/winnipegjets,Auto XSub Pact Ban,2025-05-14 3:59:04,,ModAction_c727701e-3077-11f0-a6b9-f15c8f48085f,Chomie22,,,
Okastronomer903,r/winnipegjets,Auto XSub Pact Ban,2025-05-14 4:35:45,,ModAction_e705cc8b-307c-11f0-817e-414557fae032,Chomie22,,,
LordDallas74,r/winnipegjets,Auto XSub Pact Ban,2025-05-14 4:50:15,,ModAction_ed587bd7-307e-11f0-a7a8-3174afd8af77,Chomie22,,,
TroyBoy112752,r/winnipegjets,Auto XSub Pact Ban,2025-05-14 4:48:21,,ModAction_a99f1131-307e-11f0-bdf1-517f19f7775b,Chomie22,,,
dangeroso_alpha,r/winnipegjets,Auto XSub Pact Ban,2025-05-14 4:47:50,,ModAction_9719be19-307e-11f0-80f8-f3ddf14568e5,Chomie22,,,
NMFTW02,r/winnipegjets,Auto XSub Pact Ban,2025-05-14 4:47:27,,ModAction_89550ce8-307e-11f0-8027-a30cbdf57caa,Chomie22,,,
Jolly-Use4340,r/winnipegjets,Auto XSub Pact Ban,2025-05-14 4:46:45,,ModAction_703d6107-307e-11f0-8eaa-89c17d6b39a3,Chomie22,,,
Sufficient-Ad3873,r/winnipegjets,Auto XSub Pact Ban,2025-05-14 4:46:09,,ModAction_5ac269e4-307e-11f0-a22c-e5ee9901211e,Chomie22,,,
DallasSportsFan01,r/winnipegjets,Auto XSub Pact Ban,2025-05-14 4:45:41,,ModAction_4a3a4f45-307e-11f0-84f2-1385b9491e22,Chomie22,,,
GnollBarbarian,r/winnipegjets,Auto XSub Pact Ban,2025-05-14 4:45:20,,ModAction_3d80d288-307e-11f0-bb0b-7766d9ada044,Chomie22,,,
jabenn14,r/winnipegjets,Auto XSub Pact Ban,2025-05-14 4:44:33,,ModAction_214a9009-307e-11f0-af86-492532b960e4,Chomie22,,,
The_Stank_,r/winnipegjets,Auto XSub Pact Ban,2025-05-14 4:42:53,,ModAction_e5b57dbe-307d-11f0-89b3-c9750b1d498e,Chomie22,,,
kguenett,r/ottawasenators,Auto XSub Pact Ban,2025-05-14 4:52:15,,ModAction_34b4a5f1-307f-11f0-affa-3354bef02d09,homicidal_penguin,,,leafs
midlifepainter,r/ottawasenators,Auto XSub Pact Ban,2025-05-14 4:51:45,,ModAction_23450be8-307f-11f0-9be4-f15e0b8027f4,homicidal_penguin,,,
captjejack,r/ottawasenators,Auto XSub Pact Ban,2025-05-14 4:51:31,,ModAction_1a6d69df-307f-11f0-9ab3-47d3be1c1e01,homicidal_penguin,,,
PropaneAccessoryy,r/ottawasenators,Auto XSub Pact Ban,2025-05-14 4:51:21,,ModAction_14f82e4d-307f-11f0-90ae-11dca3feeeac,homicidal_penguin,,,
Monkeyz,r/ottawasenators,Auto XSub Pact Ban,2025-05-14 4:51:13,,ModAction_0fef1584-307f-11f0-bf7c-4b7547b08885,homicidal_penguin,,,
pliphus,r/ottawasenators,Auto XSub Pact Ban,2025-05-14 4:51:04,,ModAction_0a809b83-307f-11f0-aa92-29ec1578ba6d,homicidal_penguin,,,
KingMaple420,r/ottawasenators,Auto XSub Pact Ban,2025-05-14 4:50:54,,ModAction_04de42db-307f-11f0-9a6b-83ec59501990,homicidal_penguin,,,
deepsink1234,r/caps,Auto XSub Pact Ban,2025-05-14 12:44:34,,ModAction_307ca58e-30c1-11f0-99d7-0fad78034bf6,mdkss12,,,
cobycheese31,r/floridapanthers,Auto XSub Pact Ban,2025-05-14 16:10:23,,ModAction_f0b46767-30dd-11f0-90d6-b95e54d7a10f,RoadDoggFL,,,
Jlittle28,r/winnipegjets,Auto XSub Pact Ban,2025-05-14 16:45:25,,ModAction_d5a8219c-30e2-11f0-8735-09515a508173,Chomie22,,,
Familiar-Fox-421,r/leafs,Auto XSub Pact Ban,2025-05-14 19:55:15,,ModAction_5abf8cf5-30fd-11f0-8f0f-e15b301593d7,wRIPPERw_,,,
RedneckTexan,r/winnipegjets,Auto XSub Pact Ban,2025-05-14 23:20:37,,ModAction_0b31d643-311a-11f0-9cce-855f1327d359,Chomie22,,,
Samson5891,r/floridapanthers,Auto XSub Pact Ban,2025-05-14 23:46:31,,ModAction_a96e33cc-311d-11f0-b943-fb209fa36c97,RoadDoggFL,,,
jimmyg899,r/leafs,Auto XSub Pact Ban,2025-05-15 2:05:05,,ModAction_04c5bc1d-3131-11f0-9b81-f3865175b628,wRIPPERw_,,,
IndicaJonesing,r/ottawasenators,Auto XSub Pact Ban,2025-05-15 2:04:33,,ModAction_f2125565-3130-11f0-866b-bf9a4eeb0e9f,homicidal_penguin,,,
CertainWork8416,r/leafs,Auto XSub Pact Ban,2025-05-15 3:32:24,,ModAction_37babdf7-313d-11f0-a195-41cd0851f0a1,acegfx,,,
presidentofyouganda,r/leafs,Auto XSub Pact Ban,2025-05-15 3:25:33,,ModAction_42eb9b9f-313c-11f0-9eb5-6bfb4e8e630a,acegfx,,,
Disastrous_Ad8010,r/goldenknights,Auto XSub Pact Ban,2025-05-15 2:40:58,,ModAction_08689424-3136-11f0-948f-cdb167f39c05,scottyfoxy,,,
Subject-Design2952,r/ottawasenators,Auto XSub Pact Ban,2025-05-15 2:46:06,,ModAction_bfede9e1-3136-11f0-93c6-3709485d65a8,homicidal_penguin,,,
-AlimonyTony-,r/ottawasenators,Auto XSub Pact Ban,2025-05-15 2:44:50,,ModAction_92c540a1-3136-11f0-9028-95d64b19d349,homicidal_penguin,,,
jjvolk16,r/goldenknights,Auto XSub Pact Ban,2025-05-15 4:52:42,,ModAction_6f4ab111-3148-11f0-9a72-bdd78194e6d1,sirebell,,,
Ok-Flow5292,r/goldenknights,Auto XSub Pact Ban,2025-05-15 5:08:10,,ModAction_98cb8beb-314a-11f0-b6c6-674db3b19dfb,sirebell,,,
crywankareposers,r/goldenknights,Auto XSub Pact Ban,2025-05-15 5:00:16,,ModAction_7def6479-3149-11f0-adc3-4de6eb88d875,sirebell,,,
lil_penguinxX,r/goldenknights,Auto XSub Pact Ban,2025-05-15 4:57:32,,ModAction_1c84fd1b-3149-11f0-89c4-7587df588f52,scottyfoxy,,,
Boring-Jump-7437,r/leafs,Auto XSub Pact Ban,2025-05-15 5:26:29,,ModAction_276b5a8c-314d-11f0-9ee0-350033c67095,acegfx,,,
lesinternets,r/leafs,Auto XSub Pact Ban,2025-05-15 5:25:48,,ModAction_0ef8ab3f-314d-11f0-b246-75d7ded6c9cb,acegfx,,,
Chief3putt,r/ottawasenators,Auto XSub Pact Ban,2025-05-15 10:01:49,,ModAction_9e8f6580-3173-11f0-b440-8df59c0d6a81,bustlinSlug,,,
NervousBreakdown,r/ottawasenators,Auto XSub Pact Ban,2025-05-15 10:00:29,yes,ModAction_6e97ac76-3173-11f0-b0a3-19dba587537d,bustlinSlug,ottawasenators,2025-07-06 10:15:14,leafs
castlewise,r/ottawasenators,Auto XSub Pact Ban,2025-05-15 12:55:05,,ModAction_d28c353e-318b-11f0-979a-11a584797b51,homicidal_penguin,,,
speed150mph,r/ottawasenators,Auto XSub Pact Ban,2025-05-15 12:53:00,,ModAction_8878f84b-318b-11f0-89af-f1dc79e75579,homicidal_penguin,,,
KyesRS,r/ottawasenators,Auto XSub Pact Ban,2025-05-15 12:52:54,,ModAction_84add467-318b-11f0-9112-8f848d69b8eb,homicidal_penguin,,,
BroBeansBMS,r/ottawasenators,Auto XSub Pact Ban,2025-05-15 12:51:37,yes,ModAction_56fe8a16-318b-11f0-8109-3fa5e1b94da2,bustlinSlug,ottawasenators,2025-06-28 18:47:58,
buffalo-blonde,r/ottawasenators,Auto XSub Pact Ban,2025-05-15 12:47:25,,ModAction_c0dadf44-318a-11f0-9c6c-91b8c4d89e1f,homicidal_penguin,,,
Brownbeholder,r/goldenknights,Auto XSub Pact Ban,2025-05-15 21:57:18,,ModAction_9218105d-31d7-11f0-9843-012654d9aee9,scottyfoxy,,,
CommunicationKey4025,r/ottawasenators,Auto XSub Pact Ban,2025-05-15 22:02:05,,ModAction_3ceaf8e0-31d8-11f0-a76d-0d248e8c8052,homicidal_penguin,,,
Revolutionary_Sky784,r/ottawasenators,Auto XSub Pact Ban,2025-05-15 22:01:49,,ModAction_339cf322-31d8-11f0-810e-1b68a4911664,homicidal_penguin,,,
Gson2001,r/winnipegjets,Auto XSub Pact Ban,2025-05-16 4:38:18,,ModAction_96e9699d-320f-11f0-ac2a-d57ebe413f33,Chomie22,,,
Loose_Ad_5506,r/winnipegjets,Auto XSub Pact Ban,2025-05-16 14:48:52,,ModAction_e25ecfc0-3264-11f0-bd6c-bbed9b43aba3,Chomie22,,,
Material-History-950,r/goldenknights,Auto XSub Pact Ban,2025-05-16 17:51:27,,ModAction_63f5a274-327e-11f0-b407-2b2844db75ea,scottyfoxy,,,
Exact_Syllabub_6708,r/floridapanthers,Auto XSub Pact Ban,2025-05-16 21:42:34,,ModAction_adba1028-329e-11f0-96df-2d1b053696a0,RoadDoggFL,,,
YouthOtherwise6936,r/floridapanthers,Auto XSub Pact Ban,2025-05-17 3:19:09,,ModAction_b2deb3cc-32cd-11f0-afc3-ddb192cd2fb4,RoadDoggFL,,,
Plantanddogmyfriend,r/floridapanthers,Auto XSub Pact Ban,2025-05-17 2:56:36,,ModAction_8c57c854-32ca-11f0-9717-0bc97ded5a19,RoadDoggFL,,,
the_helldiver08,r/floridapanthers,Auto XSub Pact Ban,2025-05-17 2:55:22,,ModAction_604285b5-32ca-11f0-a777-592106be3d64,RoadDoggFL,,,
CompetitiveWatch3537,r/floridapanthers,Auto XSub Pact Ban,2025-05-17 3:47:31,,ModAction_a90a3c65-32d1-11f0-81b9-d14c79f55d83,RoadDoggFL,,,
Short_Hat_4232,r/floridapanthers,Auto XSub Pact Ban,2025-05-17 4:47:17,,ModAction_02749d4b-32da-11f0-9feb-95e5a791493c,RoadDoggFL,,,
Level-Location2921,r/floridapanthers,Auto XSub Pact Ban,2025-05-17 4:46:19,,ModAction_dff1ff71-32d9-11f0-b080-a38ceb980e46,RoadDoggFL,,,
user36783t,r/floridapanthers,Auto XSub Pact Ban,2025-05-17 5:11:58,,ModAction_758ec49e-32dd-11f0-b0c6-0954548aa5b8,RoadDoggFL,,,
Alert_Succotash_742,r/floridapanthers,Auto XSub Pact Ban,2025-05-17 5:10:51,,ModAction_4d3d1bb9-32dd-11f0-93d6-af5361ad74c4,RoadDoggFL,,,
Positive_Horse_5491,r/leafs,Auto XSub Pact Ban,2025-05-17 5:15:51,,ModAction_ffe93416-32dd-11f0-b511-dd1c2eb36267,re-verse,,,
Yob_Zarbo,r/floridapanthers,Auto XSub Pact Ban,2025-05-17 6:17:22,,ModAction_9862ffb3-32e6-11f0-998b-dd01d45864b5,RoadDoggFL,,,
ConversationSafe4164,r/floridapanthers,Auto XSub Pact Ban,2025-05-17 6:32:23,,ModAction_b1224642-32e8-11f0-87ca-0da85416a7b4,RoadDoggFL,,,
LyleLanley,r/floridapanthers,Auto XSub Pact Ban,2025-05-17 6:31:39,,ModAction_96e6a325-32e8-11f0-bf8d-15c298c36a86,RoadDoggFL,,,
GiggA_AggiN,r/floridapanthers,Auto XSub Pact Ban,2025-05-17 15:33:10,,ModAction_3d2389e2-3334-11f0-b580-1736a1e60ef3,RoadDoggFL,,,
whomes101,r/floridapanthers,Auto XSub Pact Ban,2025-05-17 16:12:48,,ModAction_c635e869-3339-11f0-89ae-29bdcb6612cf,RoadDoggFL,,,
5ive5ive6ix9ine,r/floridapanthers,Auto XSub Pact Ban,2025-05-17 20:53:36,,ModAction_00bb87c1-3361-11f0-9033-c9fa572474c5,RoadDoggFL,,,
ComfortTimely4029,r/floridapanthers,Auto XSub Pact Ban,2025-05-18 2:58:40,yes,ModAction_00886881-3394-11f0-b242-751eb1fd334e,RoadDoggFL,floridapanthers,2025-05-26 22:37:33,
peachbasketss,r/winnipegjets,Auto XSub Pact Ban,2025-05-18 3:37:38,,ModAction_71f778ce-3399-11f0-9962-fd9425641373,Chomie22,,,
MusicianOk6981,r/winnipegjets,Auto XSub Pact Ban,2025-05-18 3:37:12,,ModAction_626e03d0-3399-11f0-adf6-f5f1e9f0a6a3,Chomie22,,,
JFKeh,r/winnipegjets,Auto XSub Pact Ban,2025-05-18 3:36:34,,ModAction_4ba3714a-3399-11f0-b227-8b164dc9d857,Chomie22,,,
stinglik3aB33,r/winnipegjets,Auto XSub Pact Ban,2025-05-18 3:35:46,,ModAction_2f34622d-3399-11f0-8472-3dcc35d6f6fb,Chomie22,,,
Electrical_Wasabi737,r/winnipegjets,Auto XSub Pact Ban,2025-05-18 3:35:11,,ModAction_1a4f2467-3399-11f0-a4bb-23c3e7f60048,Chomie22,,,
Upset_Ad_5414,r/winnipegjets,Auto XSub Pact Ban,2025-05-18 3:34:55,,ModAction_10f24da6-3399-11f0-98bc-51d093df661b,Chomie22,,,
TexasShiv,r/winnipegjets,Auto XSub Pact Ban,2025-05-18 3:33:35,,ModAction_e11c5f12-3398-11f0-be21-6d5de6f85ae8,Chomie22,,,
Casual_OCD,r/winnipegjets,Auto XSub Pact Ban,2025-05-18 3:20:04,yes,ModAction_fd8fb363-3396-11f0-a0d9-e98b782c5130,Hero_of_Brandon,winnipegjets,2025-05-18 14:47:33,
Florida1Man,r/winnipegjets,Auto XSub Pact Ban,2025-05-18 3:13:23,,ModAction_0e9ee953-3396-11f0-8862-b5c2bbf8a37f,Chomie22,,,
Neat-Location-2354,r/winnipegjets,Auto XSub Pact Ban,2025-05-18 3:10:29,,ModAction_a6d1f3a4-3395-11f0-b8fb-018d964c0685,Chomie22,,,
Okaynamethem,r/winnipegjets,Auto XSub Pact Ban,2025-05-18 3:08:42,,ModAction_676c8277-3395-11f0-b254-0fd9383d52c9,Chomie22,,,
shroomconnoisseur,r/winnipegjets,Auto XSub Pact Ban,2025-05-18 3:05:46,,ModAction_fe3f4ea9-3394-11f0-816f-372d762d017a,Chomie22,,,
Ok-Presence2072,r/winnipegjets,Auto XSub Pact Ban,2025-05-18 3:39:13,,ModAction_aa90e05d-3399-11f0-9b88-87ad8363b74c,Chomie22,,,
winnipegging1,r/winnipegjets,Auto XSub Pact Ban,2025-05-18 3:38:38,,ModAction_95e716ce-3399-11f0-9e6b-8f52093bb210,Chomie22,,,
brohammer9918,r/winnipegjets,Auto XSub Pact Ban,2025-05-18 4:32:37,,ModAction_20ae4e82-33a1-11f0-9a3b-8fc4754c762e,Chomie22,,,
After_Lack_6600,r/leafs,Auto XSub Pact Ban,2025-05-18 13:33:43,,ModAction_b7c96646-33ec-11f0-a291-67566dd29ff0,acegfx,,,
OkCandle7679,r/leafs,Auto XSub Pact Ban,2025-05-19 2:47:24,,ModAction_980db509-345b-11f0-b14f-4d2a3eca823c,acegfx,,,
Fubar236,r/leafs,Auto XSub Pact Ban,2025-05-19 2:41:16,,ModAction_bcde4c10-345a-11f0-bfce-7b1cc8acfc88,acegfx,,,
Proper_Mud_4060,r/leafs,Auto XSub Pact Ban,2025-05-19 2:36:50,,ModAction_1e083cd3-345a-11f0-ae07-c16079f7adb9,acegfx,,,
tunetog,r/leafs,Auto XSub Pact Ban,2025-05-19 2:33:44,yes,ModAction_af5bd560-3459-11f0-a439-2fabaf87d8fb,acegfx,leafs,2025-05-19 3:47:39,
Bennely,r/leafs,Auto XSub Pact Ban,2025-05-19 2:16:13,yes,ModAction_3caac513-3457-11f0-8e9c-1d307ecb7c12,acegfx,leafs,2025-05-19 3:47:37,
XXX-XY-XXXX,r/leafs,Auto XSub Pact Ban,2025-05-19 2:15:15,,ModAction_1a420b86-3457-11f0-889b-15685e43b59f,acegfx,,,
rizlastories,r/leafs,Auto XSub Pact Ban,2025-05-19 2:14:15,,ModAction_f635c0e6-3456-11f0-b665-f91ca584d67e,acegfx,,,
cdogg30,r/leafs,Auto XSub Pact Ban,2025-05-19 2:12:33,yes,ModAction_b982c868-3456-11f0-847a-73d2abf70e7d,acegfx,leafs,2025-05-19 20:17:01,
1_GenerousGenesis_1,r/leafs,Auto XSub Pact Ban,2025-05-19 2:12:16,yes,ModAction_af5f4e88-3456-11f0-9c54-956b6d758908,acegfx,leafs,2025-05-19 3:47:38,
Volderon90,r/leafs,Auto XSub Pact Ban,2025-05-19 2:12:01,yes,ModAction_a691124d-3456-11f0-8698-ffbc8c928130,acegfx,leafs,2025-05-19 3:47:37,
SilverCalligrapher75,r/leafs,Auto XSub Pact Ban,2025-05-19 2:11:40,,ModAction_9a34d899-3456-11f0-9ec4-07d9ba098fd7,acegfx,,,
No_Culture9898,r/leafs,Auto XSub Pact Ban,2025-05-19 2:03:48,,ModAction_807cc03e-3455-11f0-9893-953cb5ed5f1b,wRIPPERw_,,,
bostonbruins4tw,r/leafs,Auto XSub Pact Ban,2025-05-19 3:27:17,,ModAction_2a4db172-3461-11f0-86be-35d35af134ac,wRIPPERw_,,,
arenajunkies,r/leafs,Auto XSub Pact Ban,2025-05-19 3:07:57,,ModAction_76f4a58f-345e-11f0-9db2-2980e1121c2f,acegfx,,,floridapanthers
Sweaters76,r/leafs,Auto XSub Pact Ban,2025-05-19 6:29:11,,ModAction_939801b8-347a-11f0-b9fb-31b1b772ac30,acegfx,,,
Fast-Rope-6344,r/leafs,Auto XSub Pact Ban,2025-05-19 6:28:27,,ModAction_79550dfa-347a-11f0-ac9a-af8692a62f7c,acegfx,,,
SteveYzerman_19,r/leafs,Auto XSub Pact Ban,2025-05-19 6:27:29,,ModAction_5697990c-347a-11f0-95f6-5171848b8f15,acegfx,,,"caps, winnipegjets"
ChucklingTwig,r/leafs,Auto XSub Pact Ban,2025-05-19 6:26:37,,ModAction_378f7257-347a-11f0-8973-414e2cd7c8e9,acegfx,,,
Ratlord2291,r/floridapanthers,Auto XSub Pact Ban,2025-05-19 14:24:33,,ModAction_fbc8038d-34bc-11f0-b1ee-c766c5f7cf1c,RoadDoggFL,,,
sanz44,r/leafs,Auto XSub Pact Ban,2025-05-19 15:20:52,,ModAction_da20d572-34c4-11f0-a97b-e770398cf2ee,re-verse,,,
Big-Net-512,r/leafs,Auto XSub Pact Ban,2025-05-19 16:12:22,,ModAction_0ba7af92-34cc-11f0-b9e2-478aef04ce7c,War_Messiah,,,
dankbackwoods,r/leafs,Auto XSub Pact Ban,2025-05-19 16:08:38,yes,ModAction_8682130b-34cb-11f0-a13f-c91c704ffceb,acegfx,leafs,2025-05-19 18:47:23,
Loud_Knowledge_2100,r/ottawasenators,Auto XSub Pact Ban,2025-05-19 15:56:12,,ModAction_c9957845-34c9-11f0-91d4-7da896d2980c,homicidal_penguin,,,
iwanttodie666420,r/ottawasenators,Auto XSub Pact Ban,2025-05-19 15:56:05,,ModAction_c584755d-34c9-11f0-9bca-03d1ca23f309,homicidal_penguin,,,
skrilla-steve,r/ottawasenators,Auto XSub Pact Ban,2025-05-19 15:55:50,,ModAction_bcbceb74-34c9-11f0-83ff-ef27a76590ac,homicidal_penguin,,,
marshall13131,r/ottawasenators,Auto XSub Pact Ban,2025-05-19 15:55:40,,ModAction_b66e3fac-34c9-11f0-919d-77e7290297cd,homicidal_penguin,,,
SkautyDee,r/ottawasenators,Auto XSub Pact Ban,2025-05-19 15:55:33,,ModAction_b253b31b-34c9-11f0-9f3e-c964d79c02f6,homicidal_penguin,,,
Relative_Title7690,r/leafs,Auto XSub Pact Ban,2025-05-19 17:38:26,,ModAction_11c9e800-34d8-11f0-b882-8d6285413375,War_Messiah,,,
Eckstraniice,r/ottawasenators,Auto XSub Pact Ban,2025-05-19 18:44:21,,ModAction_46f789af-34e1-11f0-a891-f72234b0edd2,homicidal_penguin,,,
Severe_Resource_8617,r/ottawasenators,Auto XSub Pact Ban,2025-05-19 18:44:00,,ModAction_3a9406a9-34e1-11f0-85c5-512d3138f8d7,homicidal_penguin,,,
Inevitable-Fill-6574,r/floridapanthers,Auto XSub Pact Ban,2025-05-19 19:27:15,,ModAction_45b25bdc-34e7-11f0-8b97-73952cbcc606,RoadDoggFL,,,
Geoconyxdiablus,r/floridapanthers,Auto XSub Pact Ban,2025-05-19 21:37:35,,ModAction_7ac57ace-34f9-11f0-a2cb-7b71a6df9159,RoadDoggFL,,,
Brilliant-Mouse-3277,r/ottawasenators,Auto XSub Pact Ban,2025-05-20 2:31:18,,ModAction_82d01ced-3522-11f0-bc87-1159563ecf27,homicidal_penguin,,,
Plague183,r/ottawasenators,Auto XSub Pact Ban,2025-05-20 2:31:12,,ModAction_7f0e125b-3522-11f0-93a9-116010d7242c,homicidal_penguin,,,
Rinkratt61,r/leafs,Auto XSub Pact Ban,2025-05-20 16:19:31,,ModAction_35e13115-3596-11f0-9f9a-5d8caf1bb68b,acegfx,,,
rowsdower726,r/habs,Auto XSub Pact Ban,2025-05-21 0:23:56,yes,ModAction_e237ed34-35d9-11f0-bf41-c568095e645d,Sentenced2Burn,habs,2025-05-21 0:47:23,
LankToThePast,r/floridapanthers,Auto XSub Pact Ban,2025-05-21 1:47:13,,ModAction_84c3c105-35e5-11f0-965b-15507d08795f,RoadDoggFL,,,
heartlessvt,r/leafs,Auto XSub Pact Ban,2025-05-21 23:33:17,,ModAction_f90bba41-369b-11f0-9a24-e1d0c01dd388,wRIPPERw_,,,
BannedConstantly,r/floridapanthers,Auto XSub Pact Ban,2025-05-22 0:44:15,,ModAction_e308d704-36a5-11f0-8c19-5d793dba002c,RoadDoggFL,,,
Ordinary_Nectarine74,r/ottawasenators,Auto XSub Pact Ban,2025-05-22 0:20:01,,ModAction_8051db53-36a2-11f0-86b2-45bd6293efd4,homicidal_penguin,,,
CGris71,r/leafs,Auto XSub Pact Ban,2025-05-24 2:33:44,,ModAction_8311c0f0-3847-11f0-a431-e375f2f91f57,acegfx,,,floridapanthers
Several-Standard-327,r/leafs,Auto XSub Pact Ban,2025-05-24 23:42:09,,ModAction_b5466cfb-38f8-11f0-9ca8-8dbda2e327ef,acegfx,,,
Tough-Ad-5358,r/floridapanthers,Auto XSub Pact Ban,2025-05-25 7:50:01,,ModAction_dd1cce83-393c-11f0-ae5c-4d9fa2cc460c,RoadDoggFL,,,
Spiritual_Return_952,r/floridapanthers,Auto XSub Pact Ban,2025-05-26 16:44:17,,ModAction_aa6475f8-3a50-11f0-8d83-9523c8e87db3,RoadDoggFL,,,
CuteConfusion2193,r/floridapanthers,Auto XSub Pact Ban,2025-05-26 22:25:43,,ModAction_5ce586da-3a80-11f0-a5af-91221c8d30d6,RoadDoggFL,,,
Octavious82,r/floridapanthers,Auto XSub Pact Ban,2025-05-29 3:02:38,,ModAction_612d7e20-3c39-11f0-a455-995d658cb221,RoadDoggFL,,,
Confident-Maximum198,r/leafs,Auto XSub Pact Ban,2025-05-29 22:59:23,,ModAction_902bcfbb-3ce0-11f0-801a-d7571fa8f2e0,wRIPPERw_,,,
Pale_Intention_1401,r/goldenknights,Auto XSub Pact Ban,2025-05-30 6:53:50,,ModAction_d7d4fc19-3d22-11f0-8531-4b415885e6c9,scottyfoxy,,,
Vara76,r/floridapanthers,Auto XSub Pact Ban,2025-06-01 16:49:04,,ModAction_53eb9905-3f08-11f0-a3b8-d35921d269e9,RoadDoggFL,,,
DavieStBaconStan,r/habs,Auto XSub Pact Ban,2025-06-02 12:49:50,,ModAction_129f25f1-3fb0-11f0-bd78-b7032fe86613,Sentenced2Burn,,,
WhYteWInGedWARRIOR77,r/floridapanthers,Auto XSub Pact Ban,2025-06-03 0:19:51,,ModAction_7770ce34-4010-11f0-9ae2-637d12f6db4f,RoadDoggFL,,,
HolographicGrass,r/floridapanthers,Auto XSub Pact Ban,2025-06-03 16:43:34,,ModAction_e4067305-4099-11f0-8900-83a40d778d19,RoadDoggFL,,,
CanAmFanboy,r/floridapanthers,Auto XSub Pact Ban,2025-06-03 16:43:06,,ModAction_d35d3920-4099-11f0-998e-c747e0dc458e,RoadDoggFL,,,
AffectionateGate4584,r/floridapanthers,Auto XSub Pact Ban,2025-06-04 23:23:45,,ModAction_f5db9b54-419a-11f0-9325-e10089cf77c3,RoadDoggFL,,,
MrMantou,r/floridapanthers,Auto XSub Pact Ban,2025-06-05 3:09:07,,ModAction_7179f0b6-41ba-11f0-a3c9-49c3db1e75bd,RoadDoggFL,,,
Homebrew1976,r/floridapanthers,Auto XSub Pact Ban,2025-06-05 4:04:55,,ModAction_3d3bda70-41c2-11f0-ae99-316f1995a23c,RoadDoggFL,,,
Volkair,r/floridapanthers,Auto XSub Pact Ban,2025-06-05 14:39:32,,ModAction_e4cc0877-421a-11f0-8f4f-bf715dbf3f6c,RoadDoggFL,,,
Global_Dark1486,r/floridapanthers,Auto XSub Pact Ban,2025-06-06 4:24:28,,ModAction_22b51467-428e-11f0-877c-3f6c58739f1a,RoadDoggFL,,,
SchemeHistorical4967,r/floridapanthers,Auto XSub Pact Ban,2025-06-06 14:40:22,,ModAction_2d23fd2e-42e4-11f0-8bb8-4370d7fa4ce6,RoadDoggFL,,,
Frosty_Tangerine_565,r/floridapanthers,Auto XSub Pact Ban,2025-06-07 0:47:09,,ModAction_f18428c3-4338-11f0-9eff-a3b753840d84,RoadDoggFL,,,
LifeUnfolding54,r/floridapanthers,Auto XSub Pact Ban,2025-06-07 0:30:22,,ModAction_995cc9fd-4336-11f0-9ba7-71b92fe6e1bf,RoadDoggFL,,,
burrpppp,r/leafs,Auto XSub Pact Ban,2025-06-07 3:47:42,,ModAction_2a3583ca-4352-11f0-8cbc-c5c2f0e8ba49,acegfx,,,floridapanthers
OMC78,r/floridapanthers,Auto XSub Pact Ban,2025-06-07 8:33:51,,ModAction_23fef391-437a-11f0-a17d-efd29526d853,RoadDoggFL,,,
AccomplishedStill583,r/floridapanthers,Auto XSub Pact Ban,2025-06-07 8:40:52,yes,ModAction_1ed7ddaa-437b-11f0-a9b4-2727d149c82c,RoadDoggFL,floridapanthers,2025-06-07 9:12:23,
Put_Minimum,r/floridapanthers,Auto XSub Pact Ban,2025-06-08 8:42:21,yes,ModAction_7e10d41c-4444-11f0-8ab4-fdcbfafcc0c7,RoadDoggFL,floridapanthers,2025-06-08 9:12:32,floridapanthers
Pleasant_Platform_27,r/floridapanthers,Auto XSub Pact Ban,2025-06-08 9:10:22,,ModAction_67f040c1-4448-11f0-aff5-bdd6511a87ab,RoadDoggFL,,,
Pale-Pause-8750,r/floridapanthers,Auto XSub Pact Ban,2025-06-08 9:09:26,,ModAction_46883b72-4448-11f0-9e09-a1d6b30c84ae,RoadDoggFL,,,
Oily_Orange,r/floridapanthers,Auto XSub Pact Ban,2025-06-08 9:08:49,,ModAction_30d529c2-4448-11f0-a03f-25406c62b8a7,RoadDoggFL,,,
Apprehensive_Fill_74,r/floridapanthers,Auto XSub Pact Ban,2025-06-08 9:07:38,,ModAction_068f03fa-4448-11f0-91f9-65abcf14c967,RoadDoggFL,,,
Scary_Basket_4381,r/floridapanthers,Auto XSub Pact Ban,2025-06-08 15:28:08,,ModAction_2e448c88-447d-11f0-a7f6-8fa1284bdc16,RoadDoggFL,,,
Cooper1113,r/floridapanthers,Auto XSub Pact Ban,2025-06-10 0:17:53,,ModAction_59b1d2f3-4590-11f0-b438-e7cb314d861c,RoadDoggFL,,,
tplk127,r/floridapanthers,Auto XSub Pact Ban,2025-06-10 2:38:27,,ModAction_fd182118-45a3-11f0-a71b-ebb242b3ad3b,RoadDoggFL,,,
sycoseven,r/floridapanthers,Auto XSub Pact Ban,2025-06-10 14:10:59,,ModAction_bba73f84-4604-11f0-8b9c-1b38143f088c,RoadDoggFL,,,winnipegjets
False-Independent-66,r/floridapanthers,Auto XSub Pact Ban,2025-06-13 2:11:41,,ModAction_befa19b9-47fb-11f0-a62c-2546fc5562a5,RoadDoggFL,,,
Frequent-Piccolo-696,r/floridapanthers,Auto XSub Pact Ban,2025-06-13 2:08:24,,ModAction_496e8f3f-47fb-11f0-b6ab-51f86049b442,RoadDoggFL,,,
Doofenstien,r/floridapanthers,Auto XSub Pact Ban,2025-06-13 1:55:38,,ModAction_80b21e31-47f9-11f0-b3f3-c9d6f456c765,RoadDoggFL,,,
mxnifxst,r/floridapanthers,Auto XSub Pact Ban,2025-06-13 3:40:52,,ModAction_347ce158-4808-11f0-8f58-31d8e2bc336f,RoadDoggFL,,,
Emergency_Win6186,r/floridapanthers,Auto XSub Pact Ban,2025-06-13 3:01:09,,ModAction_a7c3fd2e-4802-11f0-a802-9b8873f3df75,RoadDoggFL,,,
Ok_Contest_3740,r/floridapanthers,Auto XSub Pact Ban,2025-06-13 4:00:12,,ModAction_e7fbd088-480a-11f0-bb44-6b00532137fe,RoadDoggFL,,,
KrisKringle11,r/floridapanthers,Auto XSub Pact Ban,2025-06-13 3:58:32,,ModAction_ac5d0ce6-480a-11f0-b968-65bd689c47cb,RoadDoggFL,,,
Icy-Condition-8659,r/floridapanthers,Auto XSub Pact Ban,2025-06-13 3:42:34,,ModAction_71473ea5-4808-11f0-9536-1d8ba1373845,RoadDoggFL,,,
deadlywood50,r/floridapanthers,Auto XSub Pact Ban,2025-06-13 3:41:34,,ModAction_4d969ac2-4808-11f0-b092-fd76e8f2c9c3,RoadDoggFL,,,
Lollypopers1010,r/floridapanthers,Auto XSub Pact Ban,2025-06-13 4:27:25,,ModAction_b51d85ab-480e-11f0-bcec-fbea0d68d8b6,RoadDoggFL,,,
simple8080,r/floridapanthers,Auto XSub Pact Ban,2025-06-13 4:26:08,,ModAction_877c22e3-480e-11f0-a87a-9d02083bf6a2,RoadDoggFL,,,
FartfaceMacGee,r/floridapanthers,Auto XSub Pact Ban,2025-06-13 4:09:27,,ModAction_32d000b5-480c-11f0-8ea7-9bcd84752e79,RoadDoggFL,,,
standingintheshadow,r/floridapanthers,Auto XSub Pact Ban,2025-06-14 5:09:49,,ModAction_cc2b809d-48dd-11f0-9c12-6149c6f8306b,RoadDoggFL,,,
lucidprarieskies,r/floridapanthers,Auto XSub Pact Ban,2025-06-14 5:28:47,,ModAction_725942ab-48e0-11f0-b784-6b251e239f94,RoadDoggFL,,,
AffectionateJury1854,r/floridapanthers,Auto XSub Pact Ban,2025-06-14 5:27:46,,ModAction_4de1b527-48e0-11f0-990e-5bc44a2889cb,RoadDoggFL,,,
LaterBihhhtch,r/floridapanthers,Auto XSub Pact Ban,2025-06-14 5:17:11,,ModAction_d3a41fee-48de-11f0-af8c-c3ce70da6900,RoadDoggFL,,,
buckfutten,r/floridapanthers,Auto XSub Pact Ban,2025-06-14 6:02:28,,ModAction_270449a3-48e5-11f0-8a5a-3362e7f93bed,RoadDoggFL,,,
BolognaCumboat,r/floridapanthers,Auto XSub Pact Ban,2025-06-14 6:01:20,,ModAction_fe5bd507-48e4-11f0-a087-ad6e7cdcc865,RoadDoggFL,,,
quickboop,r/floridapanthers,Auto XSub Pact Ban,2025-06-14 5:57:39,,ModAction_7a5addab-48e4-11f0-a37b-255d0aaa6d50,RoadDoggFL,,,
usefulappendix321,r/floridapanthers,Auto XSub Pact Ban,2025-06-14 5:55:20,,ModAction_27e8c3b0-48e4-11f0-ae4f-25b1a7b359c4,RoadDoggFL,,,
mikeys4321,r/floridapanthers,Auto XSub Pact Ban,2025-06-14 5:54:44,,ModAction_1284f210-48e4-11f0-bfc1-8f91a254fd10,RoadDoggFL,,,
Asleep_Sherbet_4965,r/floridapanthers,Auto XSub Pact Ban,2025-06-14 5:53:54,,ModAction_f4a40019-48e3-11f0-8d48-859518176b24,RoadDoggFL,,,
Maloffart,r/floridapanthers,Auto XSub Pact Ban,2025-06-14 5:53:22,,ModAction_e1540649-48e3-11f0-9497-4da8588279a1,RoadDoggFL,,,
carbonatedscotch,r/floridapanthers,Auto XSub Pact Ban,2025-06-14 5:52:21,,ModAction_bceae503-48e3-11f0-8530-7980d31df59c,RoadDoggFL,,,
upsidedoodles,r/leafs,Auto XSub Pact Ban,2025-06-15 0:44:23,,ModAction_e1b419c2-4981-11f0-91c9-15aea91202b4,acegfx,,,
Rleblanc9,r/floridapanthers,Auto XSub Pact Ban,2025-06-18 5:26:53,,ModAction_d7f74d1e-4c04-11f0-accb-f32aa6bc5563,RoadDoggFL,,,
Mother_Assumption448,r/leafs,Auto XSub Pact Ban,2025-06-18 11:23:39,,ModAction_aeab4c57-4c36-11f0-abf7-355c9b29c01c,ESF-hockeeyyy,,,
Alt_Makin_Urns,r/leafs,Auto XSub Pact Ban,2025-06-18 14:53:49,,ModAction_0af2c635-4c54-11f0-aae0-81b84f664cfb,ESF-hockeeyyy,,,
JediKnight31394,r/leafs,Auto XSub Pact Ban,2025-06-18 21:08:32,yes,ModAction_63b23557-4c88-11f0-838d-e1ec9b1fb95f,acegfx,leafs,2025-06-18 21:12:44,
NL4Lyfe,r/leafs,Auto XSub Pact Ban,2025-06-18 21:06:27,,ModAction_19a5de7b-4c88-11f0-bfc3-4f7b99113b47,acegfx,,,
cantpickausername01,r/leafs,Auto XSub Pact Ban,2025-06-18 21:04:58,,ModAction_e45c1908-4c87-11f0-a6e0-6d696cb78fcd,acegfx,,,
PussyCrusher44,r/leafs,Auto XSub Pact Ban,2025-06-18 21:04:32,,ModAction_d5031779-4c87-11f0-a31b-4d9e45d304d2,acegfx,,,
Immortil,r/floridapanthers,Auto XSub Pact Ban,2025-06-19 9:04:46,,ModAction_7275efb8-4cec-11f0-8daf-256272e88d7f,RoadDoggFL,,,
Futur3P4st,r/leafs,Auto XSub Pact Ban,2025-06-19 13:26:42,,ModAction_0a172166-4d11-11f0-b12b-8fc606d14ed4,acegfx,,,
diplodocusgaloshes,r/leafs,Auto XSub Pact Ban,2025-06-20 22:30:55,,ModAction_3b321693-4e26-11f0-ae6d-619bcdbb7008,ESF-hockeeyyy,,,
STO1969,r/floridapanthers,Auto XSub Pact Ban,2025-06-21 17:40:05,,ModAction_c46bfa82-4ec6-11f0-ae25-8f2de7d8f749,RoadDoggFL,,,
Certified_Bunhead27,r/floridapanthers,Auto XSub Pact Ban,2025-06-22 15:27:53,,ModAction_7732c9e4-4f7d-11f0-a9bf-d3e574a559a6,RoadDoggFL,,,
EdmontonAHSWorker19,r/floridapanthers,Auto XSub Pact Ban,2025-06-22 15:27:30,,ModAction_694a458c-4f7d-11f0-a618-57c83c5a8d8b,RoadDoggFL,,,
Available_Summer_418,r/goldenknights,Auto XSub Pact Ban,2025-06-30 0:51:53,,ModAction_6a55bf87-554c-11f0-8157-8744c86cb2fb,scottyfoxy,,,
marns_16,r/leafs,Auto XSub Pact Ban,2025-07-01 20:44:56,,ModAction_3f5efc70-56bc-11f0-a88c-bb506c2c81c2,acegfx,,,
My3rdReddit,r/habs,Auto XSub Pact Ban,2025-07-07 0:40:49,,ModAction_07379da4-5acb-11f0-96ee-33b92d52d846,Sentenced2Burn,,,
goat-mob,r/habs,Auto XSub Pact Ban,2025-07-09 0:07:49,,ModAction_c021c4bf-5c58-11f0-847a-23f8e5aee2c9,Sentenced2Burn,,,
Brilliant-Act1556,r/habs,Auto XSub Pact Ban,2025-07-15 19:51:54,,ModAction_28b552c3-61b5-11f0-9c1f-bd270359a2d1,Sentenced2Burn,,,